﻿Designator,Quantity,Value,Footprint,Package,MPN,DNP,Mount_Type,PARTREV,STANDARD,MAXIMUM_PACKAGE_HEIGHT,MANUFACTURER,Description,Sim.Device,Sim.Pins,Digi-Key_PN,Category,Family,DK_Datasheet_Link,DK_Detail_Page,Description_1,Manufacturer,Status
BT1,1,BK-913,BAT_BK-913,,,,tht,B,Manufacturer Recommendations,4.27 mm,MPD,,,,,,,,,,,
"C1, C2",2,0.1uF 10-16V CER GRM033C71C104ME14D,C_0201_0603Metric,,,,smt,,,,,Unpolarized capacitor,,,,,,,,,,
C3,1,10uF 10-16V TANT TMCP1A106MTRF,CP_EIA-2012-12_Kemet-R,,,,smt,,,,,Polarized capacitor,,,,,,,,,,
C4,1,0.01uF 10-50V CER GRM033R71A103KA01D,C_1206_3216Metric,,,,smt,,,,,Unpolarized capacitor,,,,,,,,,,
C5,1,100uF 10V TANT TAJC107K010RNJ,CP_EIA-6032-15_Kemet-U,,,,smt,,,,,Polarized capacitor,,,,,,,,,,
D1,1,LED 2.2V GREEN - HSMG-C150,LED_1206_3216Metric_Pad1.42x1.75mm_HandSolder,,,,smt,,,,,Light emitting diode,,,,,,,,,,
D2,1,DSS15U,D_SOD-123,,,,smt,,,,,Diode,D,1=K 2=A,,,,,,,,
J1,1,2 pin header,PinHeader_1x2_P2.54mm_Drill1.02mm,,22-23-2021,,tht,,,,,CONN HEADER VERT 2POS 2.54MM,,,WM4200-ND,"Connectors, Interconnects","Rectangular Connectors - Headers, Male Pins",https://media.digikey.com/pdf/Data%20Sheets/Molex%20PDFs/A-6373-N_Series_Dwg_2010-12-03.pdf,/product-detail/en/molex/22-23-2021/WM4200-ND/26667,CONN HEADER VERT 2POS 2.54MM,Molex,Active
Q1,1,PZT2222A,SOT-223-3_TabPin2,,,,smt,,,,,"NPN SOT-223 transistor, 40V, 600mA, 1.15W, Alternate KiCAD Library",,,,,,,,,,
R1,1,39 Ohm RC0402FR-0739RL,R_0402_1005Metric,,,,smt,,,,,Resistor,,,,,,,,,,
R2,1,10k 1% RC1005F103CS,R_0402_1005Metric,,,,smt,,,,,Resistor,,,,,,,,,,
R3,1,1k 1% ERJ-2RKF1001X,R_0402_1005Metric,,,,smt,,,,,Resistor,,,,,,,,,,
R4,1,27k 1% RMCF0402FT27K0,R_0402_1005Metric,,,,smt,,,,,Resistor,,,,,,,,,,
R5,1,25.5k 1% ERJ-2RKF2552X,R_0402_1005Metric,,,,smt,,,,,Resistor,,,,,,,,,,
R6,1,24k 1% ERJ-2RKF2402X,R_0402_1005Metric,,,,smt,,,,,Resistor,,,,,,,,,,
R7,1,22.1k 1% ERJ-2RKF2212X,R_0402_1005Metric,,,,smt,,,,,Resistor,,,,,,,,,,
R8,1,21k 1% RMCF0402FT21K0,R_0402_1005Metric,,,,smt,,,,,Resistor,,,,,,,,,,
R9,1,1.4k 1% RC0402FR-071K4L,R_0402_1005Metric,,,,smt,,,,,Resistor,,,,,,,,,,
S1,1,JS202011SCQN,Switch_Slide_JS202011SCQN,,JS202011SCQN,,smt,,,,,SWITCH SLIDE DPDT 300MA 6V,,,401-2002-1-ND,Switches,Slide Switches,https://www.ckswitches.com/media/1422/js.pdf,/product-detail/en/c-k/JS202011SCQN/401-2002-1-ND/1640098,SWITCH SLIDE DPDT 300MA 6V,C&K,Active
"SW1, SW2, SW3, SW4, SW5",5,TL3305,SW_SPST_TL3305B,,,,smt,,,,,"Push button switch, generic, two pins",,,,,,,,,,
U1,1,LMC555xM,SOIC-8_3.9x4.9mm_P1.27mm,,,,smt,,,,,"CMOS Timer, 555 compatible, SOIC-8",,,,,,,,,,
