﻿pos_x,pos_y,rotation,side,designator,mpn,pack,footprint,value,mount_type
122.5,-106.55,180.0,bottom,BT1,,,BAT_BK-913,BK-913,tht
128.1,-121.255,90.0,bottom,C1,,,C_0201_0603Metric,0.1uF 10-16V CER GRM033C71C104ME14D,smt
128.95,-121.255,90.0,bottom,C2,,,C_0201_0603Metric,0.1uF 10-16V CER GRM033C71C104ME14D,smt
128.45,-118.6625,-90.0,bottom,C3,,,CP_EIA-2012-12_Kemet-R,10uF 10-16V TANT TMCP1A106MTRF,smt
116.575,-121.95,180.0,bottom,C4,,,C_1206_3216Metric,0.01uF 10-50V CER GRM033R71A103KA01D,smt
123.0375,-121.0,0.0,bottom,C5,,,CP_EIA-6032-15_Kemet-U,100uF 10V TANT TAJC107K010RNJ,smt
105.2,-100.4875,90.0,top,D1,,,LED_1206_3216Metric_Pad1.42x1.75mm_HandSolder,LED 2.2V GREEN - HSMG-C150,smt
110.2,-101.2,-90.0,top,D2,,,D_SOD-123,DSS15U,smt
107.9,-102.45,90.0,top,J1,22-23-2021,,PinHeader_1x2_P2.54mm_Drill1.02mm,2 pin header,tht
117.1,-102.35,-90.0,top,Q1,,,SOT-223-3_TabPin2,PZT2222A,smt
105.24,-103.7,0.0,top,R1,,,R_0402_1005Metric,39 Ohm RC0402FR-0739RL,smt
112.1,-98.8,-90.0,top,R2,,,R_0402_1005Metric,10k 1% RC1005F103CS,smt
112.1,-103.36,-90.0,top,R3,,,R_0402_1005Metric,1k 1% ERJ-2RKF1001X,smt
113.48,-111.69,90.0,top,R4,,,R_0402_1005Metric,27k 1% RMCF0402FT27K0,smt
114.58,-111.69,90.0,top,R5,,,R_0402_1005Metric,25.5k 1% ERJ-2RKF2552X,smt
115.68,-111.69,90.0,top,R6,,,R_0402_1005Metric,24k 1% ERJ-2RKF2402X,smt
116.78,-111.69,90.0,top,R7,,,R_0402_1005Metric,22.1k 1% ERJ-2RKF2212X,smt
117.9,-111.69,90.0,top,R8,,,R_0402_1005Metric,21k 1% RMCF0402FT21K0,smt
107.75,-105.26,-90.0,top,R9,,,R_0402_1005Metric,1.4k 1% RC0402FR-071K4L,smt
109.35,-118.95,0.0,bottom,S1,JS202011SCQN,,Switch_Slide_JS202011SCQN,JS202011SCQN,smt
107.45,-118.45,90.0,top,SW1,,,SW_SPST_TL3305B,TL3305,smt
113.45,-118.45,90.0,top,SW2,,,SW_SPST_TL3305B,TL3305,smt
119.45,-118.45,90.0,top,SW3,,,SW_SPST_TL3305B,TL3305,smt
125.45,-118.45,90.0,top,SW4,,,SW_SPST_TL3305B,TL3305,smt
131.45,-118.45,90.0,top,SW5,,,SW_SPST_TL3305B,TL3305,smt
132.165,-118.275,-90.0,bottom,U1,,,SOIC-8_3.9x4.9mm_P1.27mm,LMC555xM,smt
