﻿Designator,Quantity,Value,Footprint,Package,MPN,DNP,Mount_Type,Description,Sim.Device,Sim.Pins,Digi-Key_PN,Category,Family,DK_Datasheet_Link,DK_Detail_Page,Description_1,Manufacturer,Status
BT1,1,Battery_Cell,BatteryHolder_LINX_BAT-HLD-012-SMT,,,,smt,Single-cell battery,,,,,,,,,,
"C1, C2",2,C1210C104K1RACTU,C_1210_3225Metric_Pad1.33x2.70mm_HandSolder,,,,smt,Unpolarized capacitor,,,,,,,,,,
C3,1,732-6401-1-ND,CP_Elec_4x3.9,,,,smt,Polarized capacitor,,,,,,,,,,
C4,1,CHV1206N500103JCT,C_1206_3216Metric,,,,smt,Unpolarized capacitor,,,,,,,,,,
C5,1,399-6668-2-ND,CP_Elec_5x5.3,,,,smt,Polarized capacitor,,,,,,,,,,
D1,1,516-1441-1-ND,LED_1206_3216Metric_Pad1.42x1.75mm_HandSolder,,,,smt,Light emitting diode,,,,,,,,,,
D2,1,B150-FDICT-ND,D_SMA_Handsoldering,,,,smt,Diode,D,1=K 2=A,,,,,,,,
J1,1,2 pin header,PinHeader_1x2_P2.54mm_Drill1.02mm,,22-23-2021,,tht,CONN HEADER VERT 2POS 2.54MM,,,WM4200-ND,"Connectors, Interconnects","Rectangular Connectors - Headers, Male Pins",https://media.digikey.com/pdf/Data%20Sheets/Molex%20PDFs/A-6373-N_Series_Dwg_2010-12-03.pdf,/product-detail/en/molex/22-23-2021/WM4200-ND/26667,CONN HEADER VERT 2POS 2.54MM,Molex,Active
Q1,1,4786-PZT2222ACT-ND,SOT-223-3_TabPin2,,,,smt,"NPN SOT-223 transistor, 40V, 600mA, 1.15W, Alternate KiCAD Library",,,,,,,,,,
R1,1,CRCW080540R2FKEA,R_0805_2012Metric_Pad1.15x1.40mm_HandSolder,,,,smt,Resistor,,,,,,,,,,
R2,1,RMCF0805FT10K0TR-ND,R_0805_2012Metric_Pad1.15x1.40mm_HandSolder,,,,smt,Resistor,,,,,,,,,,
R3,1,RC0805FR-071KL,R_0805_2012Metric_Pad1.15x1.40mm_HandSolder,,,,smt,Resistor,,,,,,,,,,
R4,1,27k 1% RMCF0402FT27K0,R_0805_2012Metric_Pad1.15x1.40mm_HandSolder,,,,smt,Resistor,,,,,,,,,,
R5,1,25.5k 1% ERJ-2RKF2552X,R_0805_2012Metric_Pad1.15x1.40mm_HandSolder,,,,smt,Resistor,,,,,,,,,,
R6,1,24k 1% ERJ-2RKF2402X,R_0805_2012Metric_Pad1.15x1.40mm_HandSolder,,,,smt,Resistor,,,,,,,,,,
R7,1,22.1k 1% ERJ-2RKF2212X,R_0805_2012Metric_Pad1.15x1.40mm_HandSolder,,,,smt,Resistor,,,,,,,,,,
R8,1,21k 1% RMCF0402FT21K0,R_0805_2012Metric_Pad1.15x1.40mm_HandSolder,,,,smt,Resistor,,,,,,,,,,
R9,1,1.4k 1% RC0402FR-071K4L,R_0805_2012Metric_Pad1.15x1.40mm_HandSolder,,,,smt,Resistor,,,,,,,,,,
S1,1,401-2002-1-ND,Switch_Slide_JS202011SCQN,,JS202011SCQN,,smt,SWITCH SLIDE DPDT 300MA 6V,,,401-2002-1-ND,Switches,Slide Switches,https://www.ckswitches.com/media/1422/js.pdf,/product-detail/en/c-k/JS202011SCQN/401-2002-1-ND/1640098,SWITCH SLIDE DPDT 300MA 6V,C&K,Active
"SW1, SW2, SW3, SW4, SW5",5,TL3305,SW_SPST_TL3305B,,,,smt,"Push button switch, generic, two pins",,,,,,,,,,
U1,1,LMC555CMX/NOPBCT-ND,SOIC-8_3.9x4.9mm_P1.27mm,,,,smt,"CMOS Timer, 555 compatible, SOIC-8",,,,,,,,,,
