﻿pos_x,pos_y,rotation,side,designator,mpn,pack,footprint,value,mount_type
125.8,-104.8,0.0,bottom,BT1,,,BatteryHolder_LINX_BAT-HLD-012-SMT,Battery_Cell,smt
106.1,-104.5375,90.0,top,C1,,,C_1210_3225Metric_Pad1.33x2.70mm_HandSolder,C1210C104K1RACTU,smt
113.5625,-110.975,0.0,bottom,C2,,,C_1210_3225Metric_Pad1.33x2.70mm_HandSolder,C1210C104K1RACTU,smt
131.5,-115.6,0.0,bottom,C3,,,CP_Elec_4x3.9,732-6401-1-ND,smt
111.0,-100.1,90.0,top,C4,,,C_1206_3216Metric,CHV1206N500103JCT,smt
124.5,-117.7,90.0,bottom,C5,,,CP_Elec_5x5.3,399-6668-2-ND,smt
119.0,-104.4875,90.0,top,D1,,,LED_1206_3216Metric_Pad1.42x1.75mm_HandSolder,516-1441-1-ND,smt
113.0,-107.0,180.0,top,D2,,,D_SMA_Handsoldering,B150-FDICT-ND,smt
105.46,-100.0,0.0,top,J1,22-23-2021,,PinHeader_1x2_P2.54mm_Drill1.02mm,2 pin header,tht
108.2,-118.35,90.0,bottom,Q1,,,SOT-223-3_TabPin2,4786-PZT2222ACT-ND,smt
120.0,-110.975,-90.0,top,R1,,,R_0805_2012Metric_Pad1.15x1.40mm_HandSolder,CRCW080540R2FKEA,smt
130.4,-120.775,-90.0,bottom,R2,,,R_0805_2012Metric_Pad1.15x1.40mm_HandSolder,RMCF0805FT10K0TR-ND,smt
132.5,-120.775,90.0,bottom,R3,,,R_0805_2012Metric_Pad1.15x1.40mm_HandSolder,RC0805FR-071KL,smt
110.0,-110.975,90.0,top,R4,,,R_0805_2012Metric_Pad1.15x1.40mm_HandSolder,27k 1% RMCF0402FT27K0,smt
112.0,-110.975,90.0,top,R5,,,R_0805_2012Metric_Pad1.15x1.40mm_HandSolder,25.5k 1% ERJ-2RKF2552X,smt
114.0,-110.975,90.0,top,R6,,,R_0805_2012Metric_Pad1.15x1.40mm_HandSolder,24k 1% ERJ-2RKF2402X,smt
116.0,-110.975,90.0,top,R7,,,R_0805_2012Metric_Pad1.15x1.40mm_HandSolder,22.1k 1% ERJ-2RKF2212X,smt
118.0,-110.975,90.0,top,R8,,,R_0805_2012Metric_Pad1.15x1.40mm_HandSolder,21k 1% RMCF0402FT21K0,smt
119.0,-99.975,-90.0,top,R9,,,R_0805_2012Metric_Pad1.15x1.40mm_HandSolder,1.4k 1% RC0402FR-071K4L,smt
116.75,-117.9,90.0,bottom,S1,JS202011SCQN,,Switch_Slide_JS202011SCQN,401-2002-1-ND,smt
107.425,-118.425,90.0,top,SW1,,,SW_SPST_TL3305B,TL3305,smt
113.475,-118.425,90.0,top,SW2,,,SW_SPST_TL3305B,TL3305,smt
119.525,-118.425,90.0,top,SW3,,,SW_SPST_TL3305B,TL3305,smt
125.5,-118.425,90.0,top,SW4,,,SW_SPST_TL3305B,TL3305,smt
131.5,-118.425,90.0,top,SW5,,,SW_SPST_TL3305B,TL3305,smt
115.095,-101.475,-90.0,top,U1,,,SOIC-8_3.9x4.9mm_P1.27mm,LMC555CMX/NOPBCT-ND,smt
